Description,Price,Rating,Reviews Count,URL,Image link
"Samsung Galaxy M13 (Aqua Green, 4GB, 64GB Storage) | 6000mAh Battery | Upto 8GB RAM with RAM Plus","₹9,699",4.0 out of 5 stars,"16,878",https://www.amazon.in/sspa/click?ie=UTF8&spc=MToyNTMzMDk1Njk2NDU2MjU0OjE2NzEwMzA1Njc6c3BfYXRmOjIwMDYzMjA4Nzc2Njk4OjowOjo&url=%2FSamsung-Galaxy-Storage-6000mAh-Battery%2Fdp%2FB0B4F2TTTS%2Fref%3Dsr_1_1_sspa%3Fkeywords%3Dsamsung%2Bm13%26qid%3D1671030567%26sr%3D8-1-spons%26sp_csd%3Dd2lkZ2V0TmFtZT1zcF9hdGY%26psc%3D1,https://m.media-amazon.com/images/W/WEBP_402378-T2/images/I/81-fFXQdPTL._AC_UY218_.jpg
"Samsung Galaxy M13 (Aqua Green, 4GB, 64GB Storage) | 6000mAh Battery | Upto 8GB RAM with RAM Plus","₹9,699",4.0 out of 5 stars,"16,878",https://www.amazon.in/Samsung-Galaxy-Storage-6000mAh-Battery/dp/B0B4F2TTTS/ref=sr_1_2?keywords=samsung+m13&qid=1671030567&sr=8-2,https://m.media-amazon.com/images/W/WEBP_402378-T2/images/I/81-fFXQdPTL._AC_UY218_.jpg
"Samsung Galaxy M13 (Aqua Green, 6GB, 128GB Storage) | 6000mAh Battery | Upto 12GB RAM with RAM Plus","₹11,699",4.0 out of 5 stars,"16,878",https://www.amazon.in/Samsung-Galaxy-Storage-6000mAh-Battery/dp/B0B4F2XCK3/ref=sr_1_3?keywords=samsung+m13&qid=1671030567&sr=8-3,https://m.media-amazon.com/images/W/WEBP_402378-T2/images/I/81-fFXQdPTL._AC_UY218_.jpg
"Samsung Galaxy M13 (Midnight Blue, 4GB, 64GB Storage) | 6000mAh Battery | Upto 8GB RAM with RAM Plus","₹9,699",4.0 out of 5 stars,"16,878",https://www.amazon.in/Samsung-Midnight-Storage-6000mAh-Battery/dp/B0B4F52B5X/ref=sr_1_4?keywords=samsung+m13&qid=1671030567&sr=8-4,https://m.media-amazon.com/images/W/WEBP_402378-T2/images/I/812YsUxpyfL._AC_UY218_.jpg
"Samsung Galaxy M13 5G (Midnight Blue, 4GB, 64GB Storage) | 5000mAh Battery | Upto 8GB RAM with RAM Plus","₹13,999",4.0 out of 5 stars,"16,878",https://www.amazon.in/Samsung-Midnight-Storage-5000mAh-Battery/dp/B0B4F1YC3J/ref=sr_1_5?keywords=samsung+m13&qid=1671030567&sr=8-5,https://m.media-amazon.com/images/W/WEBP_402378-T2/images/I/71EjohFmm6L._AC_UY218_.jpg
"Samsung Galaxy M13 5G (Aqua Green, 4GB, 64GB Storage) | 5000mAh Battery | Upto 8GB RAM with RAM Plus","₹13,999",4.0 out of 5 stars,"16,878",https://www.amazon.in/Samsung-Galaxy-Storage-5000mAh-Battery/dp/B0B4F3G74S/ref=sr_1_6?keywords=samsung+m13&qid=1671030567&sr=8-6,https://m.media-amazon.com/images/W/WEBP_402378-T2/images/I/81AQybT5k6L._AC_UY218_.jpg
"(Renewed) Samsung Galaxy M13 (Midnight Blue,6GB RAM,128GB Storage)","₹10,999",,,https://www.amazon.in/Renewed-Samsung-Galaxy-Midnight-Storage/dp/B0BMXCZZNC/ref=sr_1_7?keywords=samsung+m13&qid=1671030567&sr=8-7,https://m.media-amazon.com/images/W/WEBP_402378-T2/images/I/812YsUxpyfL._AC_UY218_.jpg
"Samsung Galaxy M13 5G (Stardust Brown, 4GB, 64GB Storage) | 5000mAh Battery | Upto 8GB RAM with RAM Plus","₹13,999",4.0 out of 5 stars,"16,878",https://www.amazon.in/Samsung-Stardust-Storage-5000mAh-Battery/dp/B0B4F2YTYN/ref=sr_1_8?keywords=samsung+m13&qid=1671030567&sr=8-8,https://m.media-amazon.com/images/W/WEBP_402378-T2/images/I/81-7A8yfUpL._AC_UY218_.jpg
"Samsung Galaxy M13 5G (Aqua Green, 6GB, 128GB Storage) | 5000mAh Battery | Upto 12GB RAM with RAM Plus","₹15,999",4.0 out of 5 stars,"16,878",https://www.amazon.in/Samsung-Galaxy-Storage-5000mAh-Battery/dp/B0B4F3QNDM/ref=sr_1_10?keywords=samsung+m13&qid=1671030567&sr=8-10,https://m.media-amazon.com/images/W/WEBP_402378-T2/images/I/81AQybT5k6L._AC_UY218_.jpg
"(Renewed) Samsung Galaxy M13 (Midnight Blue, 6GB, 128GB Storage) | 6000mAh Battery | Upto 12GB RAM with RAM Plus","₹12,999",2.7 out of 5 stars,14,https://www.amazon.in/Renewed-Samsung-Midnight-Storage-6000mAh/dp/B0BGBC1M6S/ref=sr_1_12?keywords=samsung+m13&qid=1671030567&sr=8-12,https://m.media-amazon.com/images/W/WEBP_402378-T2/images/I/812YsUxpyfL._AC_UY218_.jpg
"(Renewed) Samsung Galaxy M13 5G (Midnight Blue, 4GB, 64GB Storage) | 5000mAh Battery | Upto 8GB RAM with RAM Plus","₹11,999",2.7 out of 5 stars,14,https://www.amazon.in/Renewed-Samsung-Midnight-Storage-5000mAh/dp/B0BGBDV5ZV/ref=sr_1_14?keywords=samsung+m13&qid=1671030567&sr=8-14,https://m.media-amazon.com/images/W/WEBP_402378-T2/images/I/71EjohFmm6L._AC_UY218_.jpg
"Samsung Galaxy M13 5G (Midnight Blue, 6GB, 128GB Storage) | 5000mAh Battery | Upto 12GB RAM with RAM Plus","₹15,999",4.0 out of 5 stars,"16,878",https://www.amazon.in/Samsung-Midnight-Storage-5000mAh-Battery/dp/B0B4F5L738/ref=sr_1_15?keywords=samsung+m13&qid=1671030567&sr=8-15,https://m.media-amazon.com/images/W/WEBP_402378-T2/images/I/71EjohFmm6L._AC_UY218_.jpg
"Samsung Galaxy A04s (Black, 4GB RAM, 64GB Storage)","₹12,690",,,https://www.amazon.in/Samsung-Galaxy-A04s-Black-Storage/dp/B0BGPBZ3CD/ref=sr_1_16?keywords=samsung+m13&qid=1671030567&sr=8-16,https://m.media-amazon.com/images/W/WEBP_402378-T2/images/I/91gYpDuqpYL._AC_UY218_.jpg
"(Renewed) Samsung Galaxy M53 5G (Deep Ocean Blue, 8GB, 128GB Storage) | 108MP Camera | sAmoled+ 120Hz | 32MP Front Camera | 6nm Processor | 16GB RAM with RAM Plus | Travel Adapter to be Purchased Separately","₹22,999",3.8 out of 5 stars,15,https://www.amazon.in/Renewed-Samsung-Processor-Purchased-Separately/dp/B0B6ZD8V8J/ref=sr_1_17?keywords=samsung+m13&qid=1671030567&sr=8-17,https://m.media-amazon.com/images/W/WEBP_402378-T2/images/I/81yL2dXKTHL._AC_UY218_.jpg
"Samsung Galaxy M13 (Midnight Blue, 4GB, 64GB Storage) | 6000mAh Battery | Upto 8GB RAM with RAM Plus","₹9,699",4.0 out of 5 stars,"16,878",https://www.amazon.in/sspa/click?ie=UTF8&spc=MToxMjI4MzE2ODY1MDQzMjIzOjE2NzEwMzA1Njg6c3BfYXRmX25leHQ6MjAwNjMyMDg3NzY0OTg6OjA6Og&url=%2FSamsung-Midnight-Storage-6000mAh-Battery%2Fdp%2FB0B4F52B5X%2Fref%3Dsr_1_17_sspa%3Fkeywords%3Dsamsung%2Bm13%26qid%3D1671030568%26sr%3D8-17-spons%26sp_csd%3Dd2lkZ2V0TmFtZT1zcF9hdGZfbmV4dA%26psc%3D1,https://m.media-amazon.com/images/W/WEBP_402378-T2/images/I/812YsUxpyfL._AC_UY218_.jpg
"Samsung Galaxy A23 Blue, 6GB RAM, 128GB Storage with No Cost EMI/Additional Exchange Offers","₹18,499",4.0 out of 5 stars,629,https://www.amazon.in/Samsung-Galaxy-Storage-Additional-Exchange/dp/B09VK5D8KW/ref=sr_1_18?keywords=samsung+m13&qid=1671030568&sr=8-18,https://m.media-amazon.com/images/W/WEBP_402378-T2/images/I/91W42b8YW+L._AC_UY218_.jpg
"Samsung Galaxy S22 5G (Bora Purple, 8GB, 128GB Storage)","₹57,999",4.2 out of 5 stars,24,https://www.amazon.in/Samsung-Galaxy-Purple-128GB-Storage/dp/B0BD4KGS23/ref=sr_1_19?keywords=samsung+m13&qid=1671030568&sr=8-19,https://m.media-amazon.com/images/W/WEBP_402378-T2/images/I/51xkgedPQoL._AC_UY218_.jpg
"Samsung Galaxy Z Fold4 5G (Beige, 12GB RAM, 256GB Storage) with No Cost EMI/Additional Exchange Offers","₹1,54,998",4.2 out of 5 stars,56,https://www.amazon.in/Samsung-Galaxy-Storage-Additional-Exchange/dp/B0B8SBNW9W/ref=sr_1_21?keywords=samsung+m13&qid=1671030568&sr=8-21,https://m.media-amazon.com/images/W/WEBP_402378-T2/images/I/714QNdK8BWL._AC_UY218_.jpg
"Samsung Galaxy M32 Prime Edition (Light Blue, 4GB RAM, 64GB)","₹13,499",4.1 out of 5 stars,"55,099",https://www.amazon.in/Samsung-Galaxy-Prime-Light-Blue/dp/B0BD3T6Z1D/ref=sr_1_22?keywords=samsung+m13&qid=1671030568&sr=8-22,https://m.media-amazon.com/images/W/WEBP_402378-T2/images/I/81OC0ojxH6L._AC_UY218_.jpg
"Samsung Galaxy M33 5G (Mystique Green, 6GB, 128GB Storage) | 6000mAh Battery | Upto 12GB RAM with RAM Plus | Travel Adapter to be Purchased Separately","₹18,999",4.1 out of 5 stars,"21,075",https://www.amazon.in/Samsung-Mystique-Storage-Purchased-Separately/dp/B09TWGDY4W/ref=sr_1_23?keywords=samsung+m13&qid=1671030568&sr=8-23,https://m.media-amazon.com/images/W/WEBP_402378-T2/images/I/81I3w4J6yjL._AC_UY218_.jpg
"(Renewed) Samsung Galaxy J7 SM-J700F (Gold, 16GB)","₹6,899",3.2 out of 5 stars,31,https://www.amazon.in/Certified-REFURBISHED-Samsung-Galaxy-SM-J700F/dp/B0744R1NGH/ref=sr_1_24?keywords=samsung+m13&qid=1671030568&sr=8-24,https://m.media-amazon.com/images/W/WEBP_402378-T2/images/I/716BDbFHFjL._AC_UY218_.jpg
"Samsung Galaxy M53 5G (Deep Ocean Blue, 8GB, 128GB Storage) | 108MP | sAmoled+ 120Hz | 16GB RAM with RAM Plus | Travel Adapter to be Purchased Separately","₹28,499",3.9 out of 5 stars,"8,335",https://www.amazon.in/Samsung-Storage-sAmoled-Purchased-Separately/dp/B09XJ3MBTL/ref=sr_1_25?keywords=samsung+m13&qid=1671030568&sr=8-25,https://m.media-amazon.com/images/W/WEBP_402378-T2/images/I/81yL2dXKTHL._AC_UY218_.jpg
"Samsung Galaxy A13 Blue, 4GB RAM, 128GB Storage with No Cost EMI/Additional Exchange Offers, (SM-A135FLBHINS)","₹15,499",3.9 out of 5 stars,929,https://www.amazon.in/Samsung-Storage-Additional-Exchange-SM-A135FLBHINS/dp/B09VK67FJS/ref=sr_1_26?keywords=samsung+m13&qid=1671030568&sr=8-26,https://m.media-amazon.com/images/W/WEBP_402378-T2/images/I/81i1A1MgXBL._AC_UY218_.jpg
"Samsung Galaxy A03 Black, 4GB RAM, 64GB Storage Without Offers","₹14,499",3.7 out of 5 stars,154,https://www.amazon.in/Samsung-Galaxy-Storage-Without-Offers/dp/B09TNPDZ3R/ref=sr_1_27?keywords=samsung+m13&qid=1671030568&sr=8-27,https://m.media-amazon.com/images/W/WEBP_402378-T2/images/I/417iF-mQUkL._AC_UY218_.jpg
"Samsung Galaxy A23 Black, 8GB RAM, 128GB Storage with No Cost EMI/Additional Exchange Offers","₹19,999",4.0 out of 5 stars,629,https://www.amazon.in/Samsung-Galaxy-Storage-Additional-Exchange/dp/B09VK5Y947/ref=sr_1_28?keywords=samsung+m13&qid=1671030568&sr=8-28,https://m.media-amazon.com/images/W/WEBP_402378-T2/images/I/91MIInCGpML._AC_UY218_.jpg
"Samsung Galaxy Z Flip4 5G (Bora Purple, 8GB RAM, 128GB Storage) Without Offers","₹85,990",4.2 out of 5 stars,102,https://www.amazon.in/Samsung-Galaxy-Purple-Storage-Without/dp/B0B8ZCCJ4G/ref=sr_1_29?keywords=samsung+m13&qid=1671030568&sr=8-29,https://m.media-amazon.com/images/W/WEBP_402378-T2/images/I/41kt8GCwo5L._AC_UY218_.jpg
"Samsung Galaxy M32 Prime Edition (Black, 4GB RAM, 64GB)","₹13,499",4.1 out of 5 stars,"55,099",https://www.amazon.in/Samsung-Galaxy-Prime-Black-64GB/dp/B0BD3T6MGJ/ref=sr_1_30?keywords=samsung+m13&qid=1671030568&sr=8-30,https://m.media-amazon.com/images/W/WEBP_402378-T2/images/I/81Jov18YvpL._AC_UY218_.jpg
"(Renewed) Samsung Galaxy A13 Black, 4GB RAM, 64GB Storage with No Cost EMI/Additional Exchange Offers, (SM-A135FZKGINS)","₹12,323",2.8 out of 5 stars,15,https://www.amazon.in/Renewed-Samsung-Additional-Exchange-SM-A135FZKGINS/dp/B09YR6MDQP/ref=sr_1_31?keywords=samsung+m13&qid=1671030568&sr=8-31,https://m.media-amazon.com/images/W/WEBP_402378-T2/images/I/81H6vveSIZL._AC_UY218_.jpg
"Samsung Galaxy A23 Blue, 8GB RAM, 128GB Storage with No Cost EMI/Additional Exchange Offers","₹19,999",4.0 out of 5 stars,629,https://www.amazon.in/Samsung-Galaxy-Storage-Additional-Exchange/dp/B09VK34ZZR/ref=sr_1_32?keywords=samsung+m13&qid=1671030568&sr=8-32,https://m.media-amazon.com/images/W/WEBP_402378-T2/images/I/91W42b8YW+L._AC_UY218_.jpg
"(Renewed) Samsung Galaxy A52 (Black, 6GB RAM, 128GB Storage) with No Cost EMI/Additional Exchange Offers","₹22,996",3.0 out of 5 stars,17,https://www.amazon.in/Renewed-Samsung-Storage-Additional-Exchange/dp/B095C8CYB1/ref=sr_1_33?keywords=samsung+m13&qid=1671030568&sr=8-33,https://m.media-amazon.com/images/W/WEBP_402378-T2/images/I/61teAuroRES._AC_UY218_.jpg
"Samsung Galaxy M13 5G (Aqua Green, 6GB, 128GB Storage) | 5000mAh Battery | Upto 12GB RAM with RAM Plus","₹15,999",4.0 out of 5 stars,"16,878",https://www.amazon.in/sspa/click?ie=UTF8&spc=MTo0OTI2MjY2NDE4NDUzMzYxOjE2NzEwMzA1NzA6c3BfYXRmX25leHQ6MjAwNjMyMjA0MDMzOTg6OjA6Og&url=%2FSamsung-Galaxy-Storage-5000mAh-Battery%2Fdp%2FB0B4F3QNDM%2Fref%3Dsr_1_33_sspa%3Fkeywords%3Dsamsung%2Bm13%26qid%3D1671030570%26sr%3D8-33-spons%26sp_csd%3Dd2lkZ2V0TmFtZT1zcF9hdGZfbmV4dA%26psc%3D1,https://m.media-amazon.com/images/W/WEBP_402378-T2/images/I/81AQybT5k6L._AC_UY218_.jpg
"(Renewed) Samsung Galaxy M32 5G (Slate Black, 8GB RAM, 128GB Storage)","₹18,999",3.5 out of 5 stars,21,https://www.amazon.in/Renewed-Samsung-Galaxy-Slate-Storage/dp/B09NMD1ZSM/ref=sr_1_34?keywords=samsung+m13&qid=1671030570&sr=8-34,https://m.media-amazon.com/images/W/WEBP_402378-T2/images/I/71XIE-Lym4L._AC_UY218_.jpg
"Samsung Galaxy F41 (Fusion Green, 6GB RAM, 128GB Storage)","₹17,997",3.8 out of 5 stars,210,https://www.amazon.in/Samsung-Galaxy-Fusion-Green-Storage/dp/B08ZNH6TBD/ref=sr_1_35?keywords=samsung+m13&qid=1671030570&sr=8-35,https://m.media-amazon.com/images/W/WEBP_402378-T2/images/I/51WzXB9JaUL._AC_UY218_.jpg
"(Renewed) Samsung Galaxy M32 5G (Sky Blue, 8GB RAM, 128GB Storage)","₹18,990",3.5 out of 5 stars,21,https://www.amazon.in/Renewed-Samsung-Galaxy-128GB-Storage/dp/B09NMCZGSM/ref=sr_1_36?keywords=samsung+m13&qid=1671030570&sr=8-36,https://m.media-amazon.com/images/W/WEBP_402378-T2/images/I/71sdB9hYzIL._AC_UY218_.jpg
"Samsung Galaxy A23 Peach, 6GB RAM, 128GB Storage with No Cost EMI/Additional Exchange Offers","₹18,499",4.0 out of 5 stars,629,https://www.amazon.in/Samsung-Galaxy-Storage-Additional-Exchange/dp/B09VKGKVM5/ref=sr_1_37?keywords=samsung+m13&qid=1671030570&sr=8-37,https://m.media-amazon.com/images/W/WEBP_402378-T2/images/I/91dnhRu+32L._AC_UY218_.jpg
"Samsung Galaxy M32 Prime Edition (Black, 6GB RAM, 128GB)","₹15,499",4.1 out of 5 stars,"55,099",https://www.amazon.in/Samsung-Galaxy-Prime-Black-128GB/dp/B0BD4QR481/ref=sr_1_38?keywords=samsung+m13&qid=1671030570&sr=8-38,https://m.media-amazon.com/images/W/WEBP_402378-T2/images/I/81Jov18YvpL._AC_UY218_.jpg
"(Renewed) Samsung Galaxy A13 Black, 6GB RAM, 128GB Storage with No Cost EMI/Additional Exchange Offers","₹14,397",2.8 out of 5 stars,15,https://www.amazon.in/Renewed-Samsung-Storage-Additional-Exchange/dp/B09XMS7TT1/ref=sr_1_39?keywords=samsung+m13&qid=1671030570&sr=8-39,https://m.media-amazon.com/images/W/WEBP_402378-T2/images/I/81H6vveSIZL._AC_UY218_.jpg
"(Renewed) Samsung Galaxy A13 Peach, 4GB RAM, 64GB Storage with No Cost EMI/Additional Exchange Offers (SM-A135FZOGINS)","₹10,499",2.8 out of 5 stars,15,https://www.amazon.in/Renewed-Samsung-Additional-Exchange-SM-A135FZOGINS/dp/B0B4K9RGWH/ref=sr_1_40?keywords=samsung+m13&qid=1671030570&sr=8-40,https://m.media-amazon.com/images/W/WEBP_402378-T2/images/I/81nTHTbov6L._AC_UY218_.jpg
"Samsung Galaxy A03 Black, 4GB RAM, 64GB Storage with No Cost EMI/Additional Exchange Offers","₹11,499",3.7 out of 5 stars,154,https://www.amazon.in/Samsung-Galaxy-Storage-Additional-Exchange/dp/B09TKSRY42/ref=sr_1_41?keywords=samsung+m13&qid=1671030570&sr=8-41,https://m.media-amazon.com/images/W/WEBP_402378-T2/images/I/417iF-mQUkL._AC_UY218_.jpg
"Samsung Galaxy A73 5G (256, 8GB Awesome Gray, New)","₹42,439",4.4 out of 5 stars,8,https://www.amazon.in/Samsung-Galaxy-A73-5G-Awesome/dp/B0BGMG3G86/ref=sr_1_42?keywords=samsung+m13&qid=1671030570&sr=8-42,https://m.media-amazon.com/images/W/WEBP_402378-T2/images/I/51D29-pI60L._AC_UY218_.jpg
"Samsung Galaxy A23 Peach, 8GB RAM, 128GB Storage with No Cost EMI/Additional Exchange Offers","₹19,999",4.0 out of 5 stars,629,https://www.amazon.in/Samsung-Galaxy-Storage-Additional-Exchange/dp/B09VK8G4XZ/ref=sr_1_44?keywords=samsung+m13&qid=1671030570&sr=8-44,https://m.media-amazon.com/images/W/WEBP_402378-T2/images/I/91dnhRu+32L._AC_UY218_.jpg
"Nillkin CamShield Pro TPU Slide Camera Cover, Slim Protective Ultra Phone Bumper Case for Samsung Galaxy S21 6.8 Inches 5G 2021 (Blue)","₹1,345",3.9 out of 5 stars,5,https://www.amazon.in/Nillkin-CamShield-Camera-Protective-Samsung/dp/B08R8K3F4F/ref=sr_1_45?keywords=samsung+m13&qid=1671030570&sr=8-45,https://m.media-amazon.com/images/W/WEBP_402378-T2/images/I/714+LPbb9QL._AC_UY218_.jpg
"SAMSUNG Galaxy F12 (Celestial Black, 128 GB) (4 GB RAM) Dual Sim 4G 48MP Quad Rear Camera 6.515 inch HD+ Display 90 Hz Refresh Rate 5000mAh Huge Battery Power-efficient 8nm Exynos Octa-core Processor","₹13,999",4.0 out of 5 stars,9,https://www.amazon.in/SAMSUNG-Celestial-Power-efficient-Octa-core-Processor/dp/B09RGBMX9N/ref=sr_1_46?keywords=samsung+m13&qid=1671030570&sr=8-46,https://m.media-amazon.com/images/W/WEBP_402378-T2/images/I/61f5XgsKNIL._AC_UY218_.jpg
"Samsung Galaxy M32 Prime Edition (Light Blue, 6GB RAM, 128GB)","₹15,499",4.1 out of 5 stars,"55,099",https://www.amazon.in/Samsung-Galaxy-Prime-Light-128GB/dp/B0BD3V985M/ref=sr_1_47?keywords=samsung+m13&qid=1671030570&sr=8-47,https://m.media-amazon.com/images/W/WEBP_402378-T2/images/I/81OC0ojxH6L._AC_UY218_.jpg
"Samsung Galaxy Z Flip4 5G (Bora Purple, 8GB RAM, 256GB Storage) with No Cost EMI/Additional Exchange Offers","₹94,999",4.2 out of 5 stars,102,https://www.amazon.in/Samsung-Galaxy-Storage-Additional-Exchange/dp/B0B8SST1NL/ref=sr_1_48?keywords=samsung+m13&qid=1671030570&sr=8-48,https://m.media-amazon.com/images/W/WEBP_402378-T2/images/I/61vZSG1KuoL._AC_UY218_.jpg
"Samsung Galaxy Z Fold3 5G (Phantom Black, 12GB RAM, 256GB Storage) with No Cost EMI/Additional Exchange Offers","₹99,999",4.2 out of 5 stars,179,https://www.amazon.in/Samsung-Phantom-Storage-Additional-Exchange/dp/B09CQ1Q544/ref=sr_1_49?keywords=samsung+m13&qid=1671030570&sr=8-49,https://m.media-amazon.com/images/W/WEBP_402378-T2/images/I/71MmJNwZcML._AC_UY218_.jpg
"Samsung Galaxy M13 5G (Midnight Blue, 4GB, 64GB Storage) | 5000mAh Battery | Upto 8GB RAM with RAM Plus","₹13,999",4.0 out of 5 stars,"16,878",https://www.amazon.in/sspa/click?ie=UTF8&spc=MToxMDEzNzk5NjIyMDMyMDY3OjE2NzEwMzA1NzM6c3BfYXRmX25leHQ6MjAwNjMyMjA0MDM0OTg6OjA6Og&url=%2FSamsung-Midnight-Storage-5000mAh-Battery%2Fdp%2FB0B4F1YC3J%2Fref%3Dsr_1_49_sspa%3Fkeywords%3Dsamsung%2Bm13%26qid%3D1671030573%26sr%3D8-49-spons%26sp_csd%3Dd2lkZ2V0TmFtZT1zcF9hdGZfbmV4dA%26psc%3D1,https://m.media-amazon.com/images/W/WEBP_402378-T2/images/I/71EjohFmm6L._AC_UY218_.jpg
"Samsung Galaxy A04s (Copper, 4GB RAM, 64GB Storage)","₹12,897",3.0 out of 5 stars,1,https://www.amazon.in/Samsung-Galaxy-A04s-Copper-Storage/dp/B0BGPB3WXD/ref=sr_1_50?keywords=samsung+m13&qid=1671030573&sr=8-50,https://m.media-amazon.com/images/W/WEBP_402378-T2/images/I/91nPfPJWKIL._AC_UY218_.jpg
"Samsung Galaxy A13 Peach, 4GB RAM, 64GB Storage with No Cost EMI/Additional Exchange Offers (SM-A135FZOGINS)","₹14,499",3.9 out of 5 stars,929,https://www.amazon.in/Samsung-Storage-Additional-Exchange-SM-A135FZOGINS/dp/B09VJVF5WC/ref=sr_1_51?keywords=samsung+m13&qid=1671030573&sr=8-51,https://m.media-amazon.com/images/W/WEBP_402378-T2/images/I/81nTHTbov6L._AC_UY218_.jpg
"(Renewed) Samsung Galaxy F42 5G (Matte Black, 128GB, 6GB RAM)","₹17,499",2.2 out of 5 stars,4,https://www.amazon.in/Renewed-Samsung-Galaxy-Matte-Black/dp/B09WV6PH1Y/ref=sr_1_52?keywords=samsung+m13&qid=1671030573&sr=8-52,https://m.media-amazon.com/images/W/WEBP_402378-T2/images/I/61VrzOtdoRL._AC_UY218_.jpg
"Samsung Galaxy A53 White, 8GB RAM, 128GB Storage","₹33,499",3.8 out of 5 stars,73,https://www.amazon.in/Samsung-Galaxy-White-128GB-Storage/dp/B09VGJ3FDF/ref=sr_1_53?keywords=samsung+m13&qid=1671030573&sr=8-53,https://m.media-amazon.com/images/W/WEBP_402378-T2/images/I/81eWuJwUagL._AC_UY218_.jpg
"Samsung Galaxy A33 5G Orange, 6GB RAM, 128GB Storage","₹25,999",4.1 out of 5 stars,46,https://www.amazon.in/Samsung-Galaxy-Orange-128GB-Storage/dp/B09WQLSMBY/ref=sr_1_54?keywords=samsung+m13&qid=1671030573&sr=8-54,https://m.media-amazon.com/images/W/WEBP_402378-T2/images/I/81qNbibriTL._AC_UY218_.jpg
"Samsung Galaxy A73 5G Awesome Gray, 8GB RAM, 128GB Storage","₹41,999",3.9 out of 5 stars,116,https://www.amazon.in/Samsung-Galaxy-Awesome-128GB-Storage/dp/B0B4S5368P/ref=sr_1_55?keywords=samsung+m13&qid=1671030573&sr=8-55,https://m.media-amazon.com/images/W/WEBP_402378-T2/images/I/911GBvUYVNL._AC_UY218_.jpg
"Samsung Galaxy S20 FE 5G (Cloud Navy, 8GB RAM, 128GB Storage) with No Cost EMI & Additional Exchange Offers","₹37,990",4.2 out of 5 stars,"26,896",https://www.amazon.in/Samsung-Galaxy-Cloud-128GB-Storage/dp/B08VB57558/ref=sr_1_56?keywords=samsung+m13&qid=1671030573&sr=8-56,https://m.media-amazon.com/images/W/WEBP_402378-T2/images/I/81vDZyJQ-4L._AC_UY218_.jpg
"(Renewed) Samsung Galaxy A23 Light Blue, 6GB RAM, 128GB Storage Without Offers","₹14,499",3.4 out of 5 stars,13,https://www.amazon.in/Renewed-Samsung-Galaxy-Storage-Without/dp/B0BCPPW3CG/ref=sr_1_57?keywords=samsung+m13&qid=1671030573&sr=8-57,https://m.media-amazon.com/images/W/WEBP_402378-T2/images/I/71eqnu0wdDL._AC_UY218_.jpg
"Samsung Galaxy A13 Blue, 4GB RAM, 64GB Storage with No Cost EMI/Additional Exchange Offers, (SM-A135FLBGINS)","₹14,499",3.9 out of 5 stars,929,https://www.amazon.in/Samsung-Storage-Additional-Exchange-SM-A135FLBGINS/dp/B09VK3G99F/ref=sr_1_58?keywords=samsung+m13&qid=1671030573&sr=8-58,https://m.media-amazon.com/images/W/WEBP_402378-T2/images/I/81i1A1MgXBL._AC_UY218_.jpg
"Samsung Galaxy A33 5G Light Blue, 6GB RAM, 128GB Storage","₹25,999",3.7 out of 5 stars,194,https://www.amazon.in/Samsung-Galaxy-Light-128GB-Storage/dp/B09WR4JRTG/ref=sr_1_59?keywords=samsung+m13&qid=1671030573&sr=8-59,https://m.media-amazon.com/images/W/WEBP_402378-T2/images/I/81JF9H3Y6EL._AC_UY218_.jpg
"Samsung Galaxy A13 Green, 4GB RAM, 128GB Storage","₹14,990",4.0 out of 5 stars,1,https://www.amazon.in/Samsung-Galaxy-Green-128GB-Storage/dp/B0BDRNCMV7/ref=sr_1_60?keywords=samsung+m13&qid=1671030573&sr=8-60,https://m.media-amazon.com/images/W/WEBP_402378-T2/images/I/811YcLl4qNL._AC_UY218_.jpg
"(Renewed) Samsung Galaxy A13 Blue, 4GB RAM, 128GB Storage with No Cost EMI/Additional Exchange Offers, (SM-A135FLBHINS)","₹11,889",2.8 out of 5 stars,15,https://www.amazon.in/Renewed-Samsung-Additional-Exchange-SM-A135FLBHINS/dp/B09Z87JS8N/ref=sr_1_61?keywords=samsung+m13&qid=1671030573&sr=8-61,https://m.media-amazon.com/images/W/WEBP_402378-T2/images/I/81i1A1MgXBL._AC_UY218_.jpg
"(Renewed) Samsung Galaxy F23 5G (Copper Blush,6GB RAM, 128GB Storage)","₹16,990",3.0 out of 5 stars,2,https://www.amazon.in/Samsung-Galaxy-Copper-Blush-128GB/dp/B0BJ2WSG85/ref=sr_1_62?keywords=samsung+m13&qid=1671030573&sr=8-62,https://m.media-amazon.com/images/W/WEBP_402378-T2/images/I/41PCnHIHxLL._AC_UY218_.jpg
"Samsung Galaxy A53 Black, 6GB RAM, 128GB Storage","₹31,999",3.8 out of 5 stars,73,https://www.amazon.in/Samsung-Galaxy-Black-128GB-Storage/dp/B09VGGQGNK/ref=sr_1_63?keywords=samsung+m13&qid=1671030573&sr=8-63,https://m.media-amazon.com/images/W/WEBP_402378-T2/images/I/51En6h3l1KL._AC_UY218_.jpg
"Samsung Galaxy S20 FE 5G (Cloud Mint, 8GB RAM, 128GB Storage)","₹37,990",4.2 out of 5 stars,"26,896",https://www.amazon.in/Samsung-Galaxy-Cloud-128GB-Storage/dp/B08VB2MRF8/ref=sr_1_64?keywords=samsung+m13&qid=1671030573&sr=8-64,https://m.media-amazon.com/images/W/WEBP_402378-T2/images/I/812yohjGZ2L._AC_UY218_.jpg
Samsung 310 Guru Music 2 Mobile Phone Black Color,"₹2,299",5.0 out of 5 stars,2,https://www.amazon.in/Samsung-Music-Mobile-Phone-Black/dp/B078MM9CBV/ref=sr_1_65?keywords=samsung+m13&qid=1671030573&sr=8-65,https://m.media-amazon.com/images/W/WEBP_402378-T2/images/I/41nK30Wp9AL._AC_UY218_.jpg
"Samsung Galaxy M13 5G (Aqua Green, 4GB, 64GB Storage) | 5000mAh Battery | Upto 8GB RAM with RAM Plus","₹13,999",4.0 out of 5 stars,"16,878",https://www.amazon.in/sspa/click?ie=UTF8&spc=MTo2MDAzOTYyMzUyMTMyMzAxOjE2NzEwMzA1NzQ6c3BfYXRmX25leHQ6MjAwNjMyMjA0MDMyOTg6OjA6Og&url=%2FSamsung-Galaxy-Storage-5000mAh-Battery%2Fdp%2FB0B4F3G74S%2Fref%3Dsr_1_65_sspa%3Fkeywords%3Dsamsung%2Bm13%26qid%3D1671030574%26sr%3D8-65-spons%26sp_csd%3Dd2lkZ2V0TmFtZT1zcF9hdGZfbmV4dA%26psc%3D1,https://m.media-amazon.com/images/W/WEBP_402378-T2/images/I/81AQybT5k6L._AC_UY218_.jpg
"Samsung Galaxy S22 Ultra 5G (Phantom White, 12GB, 256GB Storage) Galaxy Watch4","₹1,12,998",4.4 out of 5 stars,"1,388",https://www.amazon.in/Samsung-Galaxy-Phantom-Storage-Watch4/dp/B09SZSKMF7/ref=sr_1_66?keywords=samsung+m13&qid=1671030574&sr=8-66,https://m.media-amazon.com/images/W/WEBP_402378-T2/images/I/81HbnJex3ZL._AC_UY218_.jpg
"(Renewed) Samsung Galaxy M12 (Blue,4GB RAM, 64GB Storage) 6000 mAh with 8nm Processor | True 48 MP Quad Camera","₹9,999",3.5 out of 5 stars,105,https://www.amazon.in/Renewed-Samsung-Galaxy-Storage-Processor/dp/B094PSH6NX/ref=sr_1_67?keywords=samsung+m13&qid=1671030574&sr=8-67,https://m.media-amazon.com/images/W/WEBP_402378-T2/images/I/51vUiBbZDgS._AC_UY218_.jpg
"(Renewed) Samsung Galaxy A03 Core (Blue, 2GB RAM, 32GB Storage) with No Cost EMI/Additional Exchange Offers","₹7,479",3.8 out of 5 stars,7,https://www.amazon.in/Renewed-Samsung-Storage-Additional-Exchange/dp/B09QCP548W/ref=sr_1_68?keywords=samsung+m13&qid=1671030574&sr=8-68,https://m.media-amazon.com/images/W/WEBP_402378-T2/images/I/51jsGEsWtAL._AC_UY218_.jpg
"Samsung Galaxy F42 5G (Matte Aqua, 128 GB) (8 GB RAM) 5000 Mah Battery 64MP + 5MP + 2MP Camera 90Hz Refresh Rate","₹18,990",3.6 out of 5 stars,25,https://www.amazon.in/SAMSUNG-Galaxy-Battery-Camera-Refresh/dp/B09RB7P3YV/ref=sr_1_69?keywords=samsung+m13&qid=1671030574&sr=8-69,https://m.media-amazon.com/images/W/WEBP_402378-T2/images/I/71pX5typJIL._AC_UY218_.jpg
"Samsung Galaxy A33 5G Black, 6GB RAM, 128GB Storage","₹25,999",3.7 out of 5 stars,194,https://www.amazon.in/Samsung-Galaxy-Black-128GB-Storage/dp/B09WQCVGVS/ref=sr_1_70?keywords=samsung+m13&qid=1671030574&sr=8-70,https://m.media-amazon.com/images/W/WEBP_402378-T2/images/I/81hoUVEzXNL._AC_UY218_.jpg
"Samsung Galaxy M33 5G (Emerald Brown, 6GB, 128GB Storage) | 6000mAh Battery | Upto 12GB RAM with RAM Plus | Travel Adapter to be Purchased Separately","₹18,999",4.1 out of 5 stars,"21,075",https://www.amazon.in/Samsung-Emerald-Storage-Purchased-Separately/dp/B0B14MR9L1/ref=sr_1_71?keywords=samsung+m13&qid=1671030574&sr=8-71,https://m.media-amazon.com/images/W/WEBP_402378-T2/images/I/81lnKynSaqL._AC_UY218_.jpg
"(Renewed) SAMSUNG Galaxy F23 5G (Aqua Blue, 6GB RAM 128GB Storage)","₹17,199",3.8 out of 5 stars,9,https://www.amazon.in/Renewed-SAMSUNG-Galaxy-128GB-Storage/dp/B0BGHF27MT/ref=sr_1_73?keywords=samsung+m13&qid=1671030574&sr=8-73,https://m.media-amazon.com/images/W/WEBP_402378-T2/images/I/41QDZYBDoZL._AC_UY218_.jpg
"Samsung Galaxy A13 Blue, 6GB RAM, 128GB Storage with No Cost EMI/Additional Exchange Offers, (SM-A135FLBJINS)","₹16,999",3.9 out of 5 stars,929,https://www.amazon.in/Samsung-Storage-Additional-Exchange-SM-A135FLBJINS/dp/B09VKCRFP1/ref=sr_1_74?keywords=samsung+m13&qid=1671030574&sr=8-74,https://m.media-amazon.com/images/W/WEBP_402378-T2/images/I/81i1A1MgXBL._AC_UY218_.jpg
"(Renewed) Samsung Galaxy F12 (Celestial Black, 64 GB) (4 GB RAM)","₹10,280",3.6 out of 5 stars,27,https://www.amazon.in/Renewed-Samsung-Galaxy-Celestial-Black/dp/B09B5115GQ/ref=sr_1_75?keywords=samsung+m13&qid=1671030574&sr=8-75,https://m.media-amazon.com/images/W/WEBP_402378-T2/images/I/21kPkCYg1yL._AC_UY218_.jpg
"(Renewed) Samsung Galaxy A13 Blue, 6GB RAM, 128GB Storage with No Cost EMI/Additional Exchange Offers","₹14,449",2.8 out of 5 stars,15,https://www.amazon.in/Renewed-Samsung-Storage-Additional-Exchange/dp/B09X1N5DW3/ref=sr_1_76?keywords=samsung+m13&qid=1671030574&sr=8-76,https://m.media-amazon.com/images/W/WEBP_402378-T2/images/I/81i1A1MgXBL._AC_UY218_.jpg
"(Renewed) SAMSUNG Galaxy F42 5G (Matte Aqua, 6GB RAM 128GB Storage)","₹18,900",2.3 out of 5 stars,4,https://www.amazon.in/Renewed-SAMSUNG-Galaxy-Matte-Storage/dp/B09WV286BW/ref=sr_1_77?keywords=samsung+m13&qid=1671030574&sr=8-77,https://m.media-amazon.com/images/W/WEBP_402378-T2/images/I/61rUYNR3V-L._AC_UY218_.jpg
"(Renewed) Samsung Galaxy F22 (Denim Blue, 6GB RAM, 128GB Storage)","₹13,990",2.5 out of 5 stars,14,https://www.amazon.in/Renewed-Samsung-Galaxy-Denim-Storage/dp/B09F3HMG8Z/ref=sr_1_78?keywords=samsung+m13&qid=1671030574&sr=8-78,https://m.media-amazon.com/images/W/WEBP_402378-T2/images/I/31xresQTxuL._AC_UY218_.jpg
"(Renewed) Samsung Galaxy M21 2021 Edition - Charcoal Black, 4GB RAM, 64GB Storage - FHD+ sAMOLED","₹10,999",3.6 out of 5 stars,20,https://www.amazon.in/Renewed-Samsung-Galaxy-M21-2021/dp/B09LHZCPDT/ref=sr_1_79?keywords=samsung+m13&qid=1671030574&sr=8-79,https://m.media-amazon.com/images/W/WEBP_402378-T2/images/I/71MiO6xLLyL._AC_UY218_.jpg
"(Renewed) Samsung Galaxy F13 (Waterfall Blue,4GB RAM, 128GB Storage)","₹12,490",,,https://www.amazon.in/Samsung-Galaxy-F13-Waterfall-128GB/dp/B0BJ2Z5DNV/ref=sr_1_80?keywords=samsung+m13&qid=1671030574&sr=8-80,https://m.media-amazon.com/images/W/WEBP_402378-T2/images/I/41iwB+fNiqL._AC_UY218_.jpg
"Samsung Galaxy A13 Black, 4GB RAM, 64GB Storage with No Cost EMI/Additional Exchange Offers, (SM-A135FZKGINS)","₹14,499",3.9 out of 5 stars,929,https://www.amazon.in/Samsung-Storage-Additional-Exchange-SM-A135FZKGINS/dp/B09VKG47D8/ref=sr_1_81?keywords=samsung+m13&qid=1671030574&sr=8-81,https://m.media-amazon.com/images/W/WEBP_402378-T2/images/I/81H6vveSIZL._AC_UY218_.jpg
"Samsung Galaxy M13 5G (Stardust Brown, 4GB, 64GB Storage) | 5000mAh Battery | Upto 8GB RAM with RAM Plus","₹13,999",4.0 out of 5 stars,"16,878",https://www.amazon.in/sspa/click?ie=UTF8&spc=MTo2MTAzOTM2MTA1NzM5MzgzOjE2NzEwMzA1NzY6c3BfYXRmX25leHQ6MjAwNjMyMjA0MDM2OTg6OjA6Og&url=%2FSamsung-Stardust-Storage-5000mAh-Battery%2Fdp%2FB0B4F2YTYN%2Fref%3Dsr_1_81_sspa%3Fkeywords%3Dsamsung%2Bm13%26qid%3D1671030576%26sr%3D8-81-spons%26sp_csd%3Dd2lkZ2V0TmFtZT1zcF9hdGZfbmV4dA%26psc%3D1,https://m.media-amazon.com/images/W/WEBP_402378-T2/images/I/81-7A8yfUpL._AC_UY218_.jpg
"Samsung Galaxy M52 5G (ICY Blue, 8GB RAM, 128GB Storage) Latest Snapdragon 778G 5G | sAMOLED 120Hz Display","₹28,999",4.2 out of 5 stars,"20,330",https://www.amazon.in/Samsung-Storage-Snapdragon-sAMOLED-Display/dp/B09CV7BGWP/ref=sr_1_84?keywords=samsung+m13&qid=1671030576&sr=8-84,https://m.media-amazon.com/images/W/WEBP_402378-T2/images/I/81-tqKsrTuL._AC_UY218_.jpg
"(Renewed) Samsung Galaxy M20 (Ocean Blue, 4+64GB)","₹12,999",3.5 out of 5 stars,472,https://www.amazon.in/Renewed-Samsung-Galaxy-Ocean-Blue/dp/B07QYZ6S7W/ref=sr_1_85?keywords=samsung+m13&qid=1671030576&sr=8-85,https://m.media-amazon.com/images/W/WEBP_402378-T2/images/I/61nzw1i2taL._AC_UY218_.jpg
"Samsung Galaxy A13 Green, 6GB RAM, 128GB Storage","₹16,990",,,https://www.amazon.in/Samsung-Galaxy-Green-128GB-Storage/dp/B0BDRN51XQ/ref=sr_1_86?keywords=samsung+m13&qid=1671030576&sr=8-86,https://m.media-amazon.com/images/W/WEBP_402378-T2/images/I/811YcLl4qNL._AC_UY218_.jpg
"Samsung Galaxy A13 Green, 4GB RAM, 64GB Storage","₹13,980",3.0 out of 5 stars,1,https://www.amazon.in/Samsung-Galaxy-Green-64GB-Storage/dp/B0BDRRQTWZ/ref=sr_1_87?keywords=samsung+m13&qid=1671030576&sr=8-87,https://m.media-amazon.com/images/W/WEBP_402378-T2/images/I/811YcLl4qNL._AC_UY218_.jpg
"Samsung Galaxy A03s (Black, 4GB RAM, 64GB Storage) Without Offer","₹11,549",3.8 out of 5 stars,432,https://www.amazon.in/Samsung-Galaxy-Black-Storage-Without/dp/B09C8J152X/ref=sr_1_89?keywords=samsung+m13&qid=1671030576&sr=8-89,https://m.media-amazon.com/images/W/WEBP_402378-T2/images/I/91I10Luz6bL._AC_UY218_.jpg
"Samsung Galaxy A03 Core (Copper Bronze, 2GB RAM, 32GB Storage)","₹7,550",3.7 out of 5 stars,6,https://www.amazon.in/Samsung-Galaxy-Copper-Bronze-Storage/dp/B0BBB8GRH9/ref=sr_1_90?keywords=samsung+m13&qid=1671030576&sr=8-90,https://m.media-amazon.com/images/W/WEBP_402378-T2/images/I/71GFYocYzhL._AC_UY218_.jpg
"Samsung Galaxy A03s (Black, 3GB RAM, 32GB Storage) with No Cost EMI/Additional Exchange Offers","₹12,499",3.8 out of 5 stars,432,https://www.amazon.in/Samsung-Galaxy-Storage-Additional-Exchange/dp/B09C8KQHMR/ref=sr_1_91?keywords=samsung+m13&qid=1671030576&sr=8-91,https://m.media-amazon.com/images/W/WEBP_402378-T2/images/I/91PCzkdmUwL._AC_UY218_.jpg
"(Renewed) Samsung Galaxy M53 5G (Mystique Green, 8GB, 128GB Storage) | 108MP Camera | sAmoled+ 120Hz | 32MP Front Camera | 6nm Processor | 16GB RAM with RAM Plus | Travel Adapter to be Purchased Separately","₹23,999",3.8 out of 5 stars,15,https://www.amazon.in/Samsung-Mystique-Processor-Purchased-Separately/dp/B0B6ZG6QDG/ref=sr_1_92?keywords=samsung+m13&qid=1671030576&sr=8-92,https://m.media-amazon.com/images/W/WEBP_402378-T2/images/I/810Rscvmd4L._AC_UY218_.jpg
"Samsung Galaxy M33 5G (Deep Ocean Blue, 6GB, 128GB Storage) | 6000mAh Battery | Upto 12GB RAM with RAM Plus | Travel Adapter to be Purchased Separately","₹18,999",4.1 out of 5 stars,"21,075",https://www.amazon.in/Samsung-Storage-6000mAh-Purchased-Separately/dp/B09TWDYSWQ/ref=sr_1_94?keywords=samsung+m13&qid=1671030576&sr=8-94,https://m.media-amazon.com/images/W/WEBP_402378-T2/images/I/81xvGbBFNhL._AC_UY218_.jpg
"Samsung Galaxy A13 Black, 6GB RAM, 128GB Storage with No Cost EMI/Additional Exchange Offers, (SM-A135FZKJINS)","₹16,999",3.9 out of 5 stars,929,https://www.amazon.in/Samsung-Storage-Additional-Exchange-SM-A135FZKJINS/dp/B09VKJ1DCK/ref=sr_1_95?keywords=samsung+m13&qid=1671030576&sr=8-95,https://m.media-amazon.com/images/W/WEBP_402378-T2/images/I/81H6vveSIZL._AC_UY218_.jpg
"Samsung Galaxy M33 5G (Emerald Brown, 8GB, 128GB Storage) | 6000mAh Battery | 16GB RAM with RAM Plus | Travel Adapter to be Purchased Separately","₹20,499",4.1 out of 5 stars,"21,075",https://www.amazon.in/Samsung-Emerald-Storage-Purchased-Separately/dp/B0B14C482C/ref=sr_1_96?keywords=samsung+m13&qid=1671030576&sr=8-96,https://m.media-amazon.com/images/W/WEBP_402378-T2/images/I/81lnKynSaqL._AC_UY218_.jpg
"(Renewed) Samsung Galaxy F22 (Denim Blue, 4GB RAM, 64GB Storage)","₹11,790",2.7 out of 5 stars,14,https://www.amazon.in/Renewed-Samsung-Galaxy-Denim-Storage/dp/B09F3F57DZ/ref=sr_1_97?keywords=samsung+m13&qid=1671030576&sr=8-97,https://m.media-amazon.com/images/W/WEBP_402378-T2/images/I/31xresQTxuL._AC_UY218_.jpg
"Samsung Galaxy M13 5G (Midnight Blue, 6GB, 128GB Storage) | 5000mAh Battery | Upto 12GB RAM with RAM Plus","₹15,999",4.0 out of 5 stars,"16,878",https://www.amazon.in/sspa/click?ie=UTF8&spc=MTo0MjQ3MjkzOTY4MTMzNTYzOjE2NzEwMzA1Nzg6c3BfYXRmX25leHQ6MjAwNjMyMjA0MDM1OTg6OjA6Og&url=%2FSamsung-Midnight-Storage-5000mAh-Battery%2Fdp%2FB0B4F5L738%2Fref%3Dsr_1_97_sspa%3Fkeywords%3Dsamsung%2Bm13%26qid%3D1671030578%26sr%3D8-97-spons%26sp_csd%3Dd2lkZ2V0TmFtZT1zcF9hdGZfbmV4dA%26psc%3D1,https://m.media-amazon.com/images/W/WEBP_402378-T2/images/I/71EjohFmm6L._AC_UY218_.jpg
"(Renewed) Samsung Galaxy F41 (Fusion Black, 6GB RAM, 128GB Storage)","₹18,250",3.2 out of 5 stars,93,https://www.amazon.in/Renewed-Samsung-Galaxy-Fusion-Storage/dp/B09127Z8VV/ref=sr_1_98?keywords=samsung+m13&qid=1671030578&sr=8-98,https://m.media-amazon.com/images/W/WEBP_402378-T2/images/I/51oejnroU8L._AC_UY218_.jpg
"Samsung Galaxy A13 Peach, 6GB RAM, 128GB Storage with No Cost EMI/Additional Exchange Offers (SM-A135FZOJINS)","₹16,999",3.9 out of 5 stars,929,https://www.amazon.in/Samsung-Storage-Additional-Exchange-SM-A135FZOJINS/dp/B09VK5KB1W/ref=sr_1_99?keywords=samsung+m13&qid=1671030578&sr=8-99,https://m.media-amazon.com/images/W/WEBP_402378-T2/images/I/81nTHTbov6L._AC_UY218_.jpg
"(Renewed) Samsung Galaxy F12 (Sea Green, 64 GB) (4 GB RAM)","₹10,290",3.2 out of 5 stars,34,https://www.amazon.in/Renewed-Samsung-Galaxy-F12-Green/dp/B09B4ZCKZM/ref=sr_1_100?keywords=samsung+m13&qid=1671030578&sr=8-100,https://m.media-amazon.com/images/W/WEBP_402378-T2/images/I/21l791RJTBL._AC_UY218_.jpg
"Samsung Galaxy A23 Black, 6GB RAM, 128GB Storage with No Cost EMI/Additional Exchange Offers","₹18,499",4.0 out of 5 stars,629,https://www.amazon.in/Samsung-Galaxy-Storage-Additional-Exchange/dp/B09VKBL81J/ref=sr_1_102?keywords=samsung+m13&qid=1671030578&sr=8-102,https://m.media-amazon.com/images/W/WEBP_402378-T2/images/I/91MIInCGpML._AC_UY218_.jpg
"Samsung Galaxy A73 5G Awesome White, 8GB RAM, 128GB Storage","₹41,999",3.9 out of 5 stars,116,https://www.amazon.in/Samsung-Galaxy-Awesome-White-Storage/dp/B0B4S4ZT4W/ref=sr_1_103?keywords=samsung+m13&qid=1671030578&sr=8-103,https://m.media-amazon.com/images/W/WEBP_402378-T2/images/I/91inXgRH82L._AC_UY218_.jpg
"Samsung Galaxy A03 Black, 3GB RAM, 32GB Storage with No Cost EMI/Additional Exchange Offers","₹8,999",3.7 out of 5 stars,154,https://www.amazon.in/Samsung-Galaxy-Storage-Additional-Exchange/dp/B09TKTXNZB/ref=sr_1_104?keywords=samsung+m13&qid=1671030578&sr=8-104,https://m.media-amazon.com/images/W/WEBP_402378-T2/images/I/417iF-mQUkL._AC_UY218_.jpg
"(Renewed) Samsung Galaxy S20 FE 5G (Cloud Lavender, 8GB RAM, 128GB Storage)","₹32,291.50",3.8 out of 5 stars,702,https://www.amazon.in/Renewed-Samsung-Galaxy-Lavender-Storage/dp/B094VTBM8L/ref=sr_1_105?keywords=samsung+m13&qid=1671030578&sr=8-105,https://m.media-amazon.com/images/W/WEBP_402378-T2/images/I/61bGpCqa9NS._AC_UY218_.jpg
"Samsung Galaxy M53 5G (Deep Ocean Blue, 6GB, 128GB Storage) | 108MP | sAmoled+ 120Hz | 12GB RAM with RAM Plus | Travel Adapter to be Purchased Separately","₹26,499",3.9 out of 5 stars,"8,335",https://www.amazon.in/Samsung-Storage-sAmoled-Purchased-Separately/dp/B09XJ5LD6L/ref=sr_1_106?keywords=samsung+m13&qid=1671030578&sr=8-106,https://m.media-amazon.com/images/W/WEBP_402378-T2/images/I/81yL2dXKTHL._AC_UY218_.jpg
"(Renewed) Samsung Galaxy M52 5G (Blazing Black, 6GB RAM, 128GB Storage) Latest Snapdragon 778G 5G | sAMOLED 120Hz Display","₹20,999",3.3 out of 5 stars,39,https://www.amazon.in/Renewed-Samsung-Blazing-Storage-Snapdragon/dp/B09NMF2FV7/ref=sr_1_107?keywords=samsung+m13&qid=1671030578&sr=8-107,https://m.media-amazon.com/images/W/WEBP_402378-T2/images/I/71mGNOMrCyL._AC_UY218_.jpg
"(Renewed) Samsung Galaxy F22 (Denim Black, 4GB RAM, 64GB Storage)","₹11,590",3.7 out of 5 stars,16,https://www.amazon.in/Renewed-Samsung-Galaxy-Denim-Storage/dp/B09F3FFYBV/ref=sr_1_108?keywords=samsung+m13&qid=1671030578&sr=8-108,https://m.media-amazon.com/images/W/WEBP_402378-T2/images/I/31WyYi1ntrL._AC_UY218_.jpg
"(Renewed) Samsung Galaxy F12 (Sky Blue, 64 GB) (4 GB RAM)","₹9,850",3.6 out of 5 stars,30,https://www.amazon.in/Renewed-Samsung-Galaxy-F12-Blue/dp/B09B51KWT4/ref=sr_1_109?keywords=samsung+m13&qid=1671030578&sr=8-109,https://m.media-amazon.com/images/W/WEBP_402378-T2/images/I/21u-VdqsmkL._AC_UY218_.jpg
"Samsung Galaxy M33 5G (Mystique Green, 8GB, 128GB Storage) | 6000mAh Battery | Upto 16GB RAM with RAM Plus | Travel Adapter to be Purchased Separately","₹20,499",4.1 out of 5 stars,"21,075",https://www.amazon.in/Samsung-Mystique-Storage-Purchased-Separately/dp/B09TWHTBKQ/ref=sr_1_110?keywords=samsung+m13&qid=1671030578&sr=8-110,https://m.media-amazon.com/images/W/WEBP_402378-T2/images/I/81I3w4J6yjL._AC_UY218_.jpg
"Samsung Galaxy M32 5G (Slate Black, 8GB RAM, 128GB Storage) | Dimensity 720 Processor | 5000mAh Battery| Knox Security","₹20,999",4.1 out of 5 stars,"32,095",https://www.amazon.in/Samsung-Galaxy-Slate-Black-Storage/dp/B09CGM3H3Q/ref=sr_1_111?keywords=samsung+m13&qid=1671030578&sr=8-111,https://m.media-amazon.com/images/W/WEBP_402378-T2/images/I/71QT7dSK4BL._AC_UY218_.jpg
"Samsung Galaxy A33 5G Black, 8GB RAM, 128GB Storage","₹27,499",3.9 out of 5 stars,83,https://www.amazon.in/Samsung-Galaxy-Black-128GB-Storage/dp/B09WR4WJKZ/ref=sr_1_112?keywords=samsung+m13&qid=1671030578&sr=8-112,https://m.media-amazon.com/images/W/WEBP_402378-T2/images/I/81hoUVEzXNL._AC_UY218_.jpg
"Samsung Galaxy A13 Black, 4GB RAM, 128GB Storage with No Cost EMI/Additional Exchange Offers, (SM-A135FZKHINS)","₹15,499",3.9 out of 5 stars,929,https://www.amazon.in/Samsung-Storage-Additional-Exchange-SM-A135FZKHINS/dp/B09VK6Q2NP/ref=sr_1_113?keywords=samsung+m13&qid=1671030578&sr=8-113,https://m.media-amazon.com/images/W/WEBP_402378-T2/images/I/81H6vveSIZL._AC_UY218_.jpg
"(Renewed) Samsung Galaxy M12 (Black,6GB RAM, 128GB Storage) 6000 mAh with 8nm Processor | True 48 MP Quad Camera","₹11,999",3.6 out of 5 stars,299,https://www.amazon.in/Renewed-Samsung-Galaxy-Storage-Processor/dp/B094PX5VNP/ref=sr_1_113?keywords=samsung+m13&qid=1671030580&sr=8-113,https://m.media-amazon.com/images/W/WEBP_402378-T2/images/I/51lNtMHlWTS._AC_UY218_.jpg
"Samsung Galaxy S22 5G (Green, 8GB, 128GB Storage) with No Cost EMI/Additional Exchange Offers","₹57,998",4.3 out of 5 stars,"1,015",https://www.amazon.in/Samsung-Galaxy-Storage-Additional-Exchange/dp/B09SH9D45B/ref=sr_1_114?keywords=samsung+m13&qid=1671030580&sr=8-114,https://m.media-amazon.com/images/W/WEBP_402378-T2/images/I/71qZERyxy6L._AC_UY218_.jpg
"Samsung Galaxy A04s (Green, 4GB RAM, 64GB Storage)","₹12,899",4.0 out of 5 stars,1,https://www.amazon.in/Samsung-Galaxy-A04s-Green-Storage/dp/B0BGPPDSWV/ref=sr_1_115?keywords=samsung+m13&qid=1671030580&sr=8-115,https://m.media-amazon.com/images/W/WEBP_402378-T2/images/I/915XauIOKHL._AC_UY218_.jpg
"(Renewed) Samsung Galaxy M52 5G (ICY Blue, 6GB RAM, 128GB Storage) Latest Snapdragon 778G 5G | sAMOLED 120Hz Display","₹19,490",3.3 out of 5 stars,39,https://www.amazon.in/Renewed-Samsung-Storage-Snapdragon-sAMOLED/dp/B09NMF2592/ref=sr_1_116?keywords=samsung+m13&qid=1671030580&sr=8-116,https://m.media-amazon.com/images/W/WEBP_402378-T2/images/I/816JIZbG0KL._AC_UY218_.jpg
"Samsung Galaxy M53 5G (Emerald Brown, 8GB, 128GB Storage) | 108MP | sAmoled+ 120Hz | 16GB RAM with RAM Plus | Travel Adapter to be Purchased Separately","₹28,499",3.9 out of 5 stars,"8,335",https://www.amazon.in/Samsung-Emerald-Storage-Purchased-Separately/dp/B0B146VNMY/ref=sr_1_117?keywords=samsung+m13&qid=1671030580&sr=8-117,https://m.media-amazon.com/images/W/WEBP_402378-T2/images/I/81Bf1rWLA+L._AC_UY218_.jpg
"Samsung Galaxy A03s (Black, 4GB RAM, 64GB Storage) with No Cost EMI/Additional Exchange Offers","₹11,699",3.8 out of 5 stars,432,https://www.amazon.in/Samsung-Galaxy-Storage-Additional-Exchange/dp/B09C8FWW2H/ref=sr_1_118?keywords=samsung+m13&qid=1671030580&sr=8-118,https://m.media-amazon.com/images/W/WEBP_402378-T2/images/I/91PCzkdmUwL._AC_UY218_.jpg
"Samsung Galaxy A73 5G (128, 8GB Awesome Gray, New)","₹37,974",4.1 out of 5 stars,34,https://www.amazon.in/Samsung-Galaxy-A73-Awesome-Gray/dp/B09YNKD144/ref=sr_1_119?keywords=samsung+m13&qid=1671030580&sr=8-119,https://m.media-amazon.com/images/W/WEBP_402378-T2/images/I/51UYPGJmuKL._AC_UY218_.jpg
"Samsung Galaxy Note 8 (Midnight Black, 6GB RAM, 64GB Storage)","₹31,999",4.2 out of 5 stars,"3,540",https://www.amazon.in/Samsung-Galaxy-Midnight-Storage-Offers/dp/B071HWTHBF/ref=sr_1_121?keywords=samsung+m13&qid=1671030580&sr=8-121,https://m.media-amazon.com/images/W/WEBP_402378-T2/images/I/815Aay6NVhL._AC_UY218_.jpg
"Samsung Galaxy M53 5G (Mystique Green, 8GB, 128GB Storage) | 108MP | sAmoled+ 120Hz | 16GB RAM with RAM Plus | Travel Adapter to be Purchased Separately","₹28,499",3.9 out of 5 stars,"8,335",https://www.amazon.in/Samsung-Mystique-Storage-Purchased-Separately/dp/B09XJ36Q27/ref=sr_1_122?keywords=samsung+m13&qid=1671030580&sr=8-122,https://m.media-amazon.com/images/W/WEBP_402378-T2/images/I/810Rscvmd4L._AC_UY218_.jpg
"Samsung Galaxy M53 5G (Emerald Brown, 6GB, 128GB Storage) | 108MP | sAmoled+ 120Hz | 12GB RAM with RAM Plus | Travel Adapter to be Purchased Separately","₹26,499",3.9 out of 5 stars,"8,335",https://www.amazon.in/Samsung-Emerald-Storage-Purchased-Separately/dp/B0B14PKNS5/ref=sr_1_123?keywords=samsung+m13&qid=1671030580&sr=8-123,https://m.media-amazon.com/images/W/WEBP_402378-T2/images/I/81Bf1rWLA+L._AC_UY218_.jpg
"Samsung Galaxy S20 FE 5G (Cloud Lavender, 8GB RAM, 128GB Storage) with No Cost EMI & Additional Exchange Offers","₹37,990",4.2 out of 5 stars,"26,896",https://www.amazon.in/Samsung-Galaxy-Cloud-Lavender-Storage/dp/B08V9VMRQF/ref=sr_1_124?keywords=samsung+m13&qid=1671030580&sr=8-124,https://m.media-amazon.com/images/W/WEBP_402378-T2/images/I/81QVLzeVckL._AC_UY218_.jpg
"Samsung Galaxy S22 Ultra 5G (Phantom Black, 12GB, 256GB Storage) Galaxy Watch4","₹1,12,998",4.4 out of 5 stars,"1,388",https://www.amazon.in/Samsung-Galaxy-Phantom-Storage-Watch4/dp/B09SZTXHC4/ref=sr_1_125?keywords=samsung+m13&qid=1671030580&sr=8-125,https://m.media-amazon.com/images/W/WEBP_402378-T2/images/I/71JT7AirReL._AC_UY218_.jpg
"Samsung Galaxy S22 Ultra 5G (Burgundy, 12GB, 512GB Storage) with No Cost EMI/Additional Exchange Offers","₹1,18,999",4.4 out of 5 stars,"1,388",https://www.amazon.in/Samsung-Burgundy-Storage-Additional-Exchange/dp/B09SH9D5PT/ref=sr_1_126?keywords=samsung+m13&qid=1671030580&sr=8-126,https://m.media-amazon.com/images/W/WEBP_402378-T2/images/I/71J8tz0UeJL._AC_UY218_.jpg
"Samsung Galaxy M53 5G (Mystique Green, 6GB, 128GB Storage) | 108MP | sAmoled+ 120Hz | 12GB RAM with RAM Plus | Travel Adapter to be Purchased Separately","₹26,499",3.9 out of 5 stars,"8,335",https://www.amazon.in/Samsung-Mystique-Storage-Purchased-Separately/dp/B09XJ48QPR/ref=sr_1_127?keywords=samsung+m13&qid=1671030580&sr=8-127,https://m.media-amazon.com/images/W/WEBP_402378-T2/images/I/810Rscvmd4L._AC_UY218_.jpg
